SetName,Cycle,Time_S,Size_mm,Displacement_mm,Force_N
Test1,1-Stretch,0.000,60.598,0,0.010
Test1,1-Stretch,0.067,60.598,0,0.010
Test1,1-Stretch,0.133,60.598,0,0.010
Test1,1-Stretch,0.200,60.598,0,-0.011
Test1,1-Stretch,0.267,60.598,0,-0.033
Test1,1-Stretch,0.333,60.598,0,-0.011
Test1,1-Stretch,0.400,60.598,0,0.010
Test1,1-Stretch,0.467,60.598,0,0.010
Test1,1-Stretch,0.533,60.598,0,-0.011
Test1,1-Stretch,0.600,60.598,0,-0.011
Test1,1-Stretch,0.667,60.598,0,0.010
Test1,1-Stretch,0.733,60.598,0,0.010
Test1,1-Stretch,0.800,60.598,0,0.010
Test1,1-Stretch,0.867,60.598,0,-0.011
Test1,1-Stretch,0.933,60.598,0,-0.033
Test1,1-Stretch,1.000,60.598,0,0.010
Test1,1-Stretch,1.067,60.598,0,0.010
Test1,1-Stretch,1.133,60.598,0,0.010
Test1,1-Stretch,1.200,60.598,0,-0.011
Test1,1-Stretch,1.267,60.598,0,0.010
Test1,1-Stretch,1.333,60.598,0,0.010
Test1,1-Stretch,1.400,60.598,0,0.010
Test1,1-Stretch,1.467,60.598,0,0.010
Test1,1-Stretch,1.533,60.598,0,-0.011
Test1,1-Stretch,1.600,60.598,0,-0.033
Test1,1-Stretch,1.667,60.598,0,-0.011
Test1,1-Stretch,1.733,60.598,0,0.010
Test1,1-Stretch,1.800,60.598,0,-0.011
Test1,1-Stretch,1.867,60.598,0,-0.011
Test1,1-Stretch,1.933,60.598,0,0.010
Test1,1-Stretch,2.000,60.598,0,0.010
Test1,1-Stretch,2.067,60.598,0,0.010
Test1,1-Stretch,2.133,60.598,0,0.010
Test1,1-Stretch,2.200,60.598,0,-0.033
Test1,1-Stretch,2.267,60.598,0,-0.011
Test1,1-Stretch,2.333,60.598,0,0.010
Test1,1-Stretch,2.400,60.598,0,0.010
Test1,1-Stretch,2.467,60.598,0,-0.011
Test1,1-Stretch,2.533,60.598,0,-0.011
Test1,1-Stretch,2.600,60.598,0,0.010
Test1,1-Stretch,2.667,60.598,0,0.010
Test1,1-Stretch,2.733,60.598,0,0.010
Test1,1-Stretch,2.800,60.598,0,-0.011
Test1,1-Stretch,2.867,60.598,0,-0.033
Test1,1-Stretch,2.933,60.598,0,0.010
Test1,1-Stretch,3.000,60.598,0,0.010
Test1,1-Stretch,3.067,60.598,0,-0.011
Test1,1-Stretch,3.133,60.598,0,-0.011
Test1,1-Stretch,3.200,60.598,0,0.010
Test1,1-Stretch,3.267,60.598,0,0.010
Test1,1-Stretch,3.333,60.598,0,0.010
Test1,1-Stretch,3.400,60.598,0,0.010
Test1,1-Stretch,3.467,60.598,0,-0.011
Test1,1-Stretch,3.533,60.598,0,-0.011
Test1,1-Stretch,3.600,60.598,0,0.010
Test1,1-Stretch,3.667,60.598,0,0.010
Test1,1-Stretch,3.733,60.598,0,-0.011
Test1,1-Stretch,3.800,60.598,0,-0.011
Test1,1-Stretch,3.867,60.598,0,0.010
Test1,1-Stretch,3.933,60.598,0,0.010
Test1,1-Stretch,4.000,60.598,0,0.010
Test1,1-Stretch,4.067,60.598,0,-0.011
Test1,1-Stretch,4.133,60.598,0,-0.033
Test1,1-Stretch,4.200,60.598,0,0.010
Test1,1-Stretch,4.267,60.598,0,0.010
Test1,1-Stretch,4.333,60.598,0,0.010
Test1,1-Stretch,4.400,60.598,0,-0.011
Test1,1-Stretch,4.467,60.598,0,0.010
Test1,1-Stretch,4.533,60.598,0,0.010
Test1,1-Stretch,4.600,60.598,0,0.010
Test1,1-Stretch,4.667,60.598,0,0.010
Test1,1-Stretch,4.733,60.598,0,-0.011
Test1,1-Stretch,4.800,60.598,0,-0.033
Test1,1-Stretch,4.867,60.598,0,0.010
Test1,1-Stretch,4.933,60.598,0,0.010
Test1,1-Stretch,5.000,60.598,0,-0.011
Test1,1-Stretch,5.067,60.598,0,-0.011
Test1,1-Stretch,5.133,60.598,0,0.010
Test1,1-Stretch,5.200,60.598,0,0.010
Test1,1-Stretch,5.267,60.598,0,0.010
Test1,1-Stretch,5.333,60.598,0,0.010
Test1,1-Stretch,5.400,60.598,0,-0.033
Test1,1-Stretch,5.467,60.598,0,0.010
Test1,1-Stretch,5.533,60.598,0,0.010
Test1,1-Stretch,5.600,60.598,0,0.010
Test1,1-Stretch,5.667,60.598,0,-0.011
Test1,1-Stretch,5.733,60.598,0,-0.011
Test1,1-Stretch,5.800,60.598,0,0.010
Test1,1-Stretch,5.867,60.598,0,0.010
Test1,1-Stretch,5.933,60.598,0,0.010
Test1,1-Stretch,6.000,60.598,0,-0.011
Test1,1-Stretch,6.067,60.598,0,-0.033
Test1,1-Stretch,6.133,60.598,0,0.010
Test1,1-Stretch,6.200,60.598,0,0.010
Test1,1-Stretch,6.267,60.598,0,-0.011
Test1,1-Stretch,6.333,60.598,0,-0.011
Test1,1-Stretch,6.400,60.598,0,0.010
Test1,1-Stretch,6.467,60.598,0,0.010
Test1,1-Stretch,6.533,60.598,0,0.010
Test1,1-Stretch,6.600,60.598,0,0.010
Test1,1-Stretch,6.667,60.598,0,-0.033
Test1,1-Stretch,6.733,60.598,0,-0.011
Test1,1-Stretch,6.800,60.598,0,0.010
Test1,1-Stretch,6.867,60.598,0,0.010
Test1,1-Stretch,6.933,60.598,0,-0.011
Test1,1-Stretch,7.000,60.598,0,-0.011
Test1,1-Stretch,7.067,60.598,0,0.010
Test1,1-Stretch,7.133,60.598,0,0.010
Test1,1-Stretch,7.200,60.598,0,0.010
Test1,1-Stretch,7.267,60.598,0,-0.011
Test1,1-Stretch,7.333,60.598,0,-0.033
Test1,1-Stretch,7.400,60.598,0,-0.011
Test1,1-Stretch,7.467,60.598,0,0.010
Test1,1-Stretch,7.533,60.598,0,0.010
Test1,1-Stretch,7.600,60.598,0,-0.011
Test1,1-Stretch,7.667,60.598,0,0.010
Test1,1-Stretch,7.733,60.598,0,0.010
Test1,1-Stretch,7.800,60.598,0,0.010
Test1,1-Stretch,7.867,60.598,0,0.010
Test1,1-Stretch,7.933,60.598,0,-0.011
Test1,1-Stretch,8.000,60.598,0,-0.033
Test1,1-Stretch,8.067,60.598,0,0.010
Test1,1-Stretch,8.133,60.598,0,0.010
Test1,1-Stretch,8.200,60.598,0,-0.011
Test1,1-Stretch,8.267,60.598,0,-0.011
Test1,1-Stretch,8.333,60.598,0,0.010
Test1,1-Stretch,8.400,60.598,0,0.010
Test1,1-Stretch,8.467,60.598,0,0.010
Test1,1-Stretch,8.533,60.598,0,0.010
Test1,1-Stretch,8.600,60.598,0,-0.033
Test1,1-Stretch,8.667,60.598,0,0.010
Test1,1-Stretch,8.733,60.598,0,0.010
Test1,1-Stretch,8.800,60.598,0,0.010
Test1,1-Stretch,8.867,60.598,0,-0.011
Test1,1-Stretch,8.933,60.598,0,0.010
Test1,1-Stretch,9.000,60.598,0,0.010
Test1,1-Stretch,9.067,60.598,0,0.010
Test1,1-Stretch,9.133,60.598,0,0.010
Test1,1-Stretch,9.200,60.598,0,-0.011
Test1,1-Stretch,9.267,60.598,0,-0.033
Test1,1-Stretch,9.333,60.598,0,0.010
Test1,1-Stretch,9.400,60.598,0,0.010
Test1,1-Stretch,9.467,60.598,0,-0.011
Test1,1-Stretch,9.533,60.598,0,-0.011
Test1,1-Stretch,9.600,60.598,0,0.010
Test1,1-Stretch,9.667,60.598,0,0.010
Test1,1-Stretch,9.733,60.598,0,0.010
Test1,1-Stretch,9.800,60.598,0,0.010
Test1,1-Stretch,9.867,60.598,0,-0.033
Test1,1-Stretch,9.933,60.598,0,-0.011
Test1,1-Stretch,10.000,60.598,0,0.010
Test1,1-Stretch,10.067,60.598,0,0.010
Test1,1-Stretch,10.133,60.598,0,-0.011
Test1,1-Stretch,10.200,60.598,0,-0.011
Test1,1-Stretch,10.267,60.598,0,0.010
Test1,1-Stretch,10.333,60.598,0,0.010
Test1,1-Stretch,10.400,60.598,0,-0.011
Test1,1-Stretch,10.467,60.598,0,-0.011
Test1,1-Stretch,10.533,60.598,0,-0.033
Test1,1-Stretch,10.600,60.598,0,0.010
Test1,1-Stretch,10.667,60.598,0,0.010
Test1,1-Stretch,10.733,60.598,0,0.010
Test1,1-Stretch,10.800,60.598,0,-0.033
Test1,1-Stretch,10.867,60.598,0,-0.011
Test1,1-Stretch,10.933,60.598,0,0.010
Test1,1-Stretch,11.000,60.598,0,0.010
Test1,1-Stretch,11.067,60.598,0,0.010
Test1,1-Stretch,11.133,60.598,0,-0.011
Test1,1-Stretch,11.200,60.598,0,-0.033
Test1,1-Stretch,11.267,60.598,0,-0.118
Test1,1-Stretch,11.333,60.598,0,-2.499
Test1,1-Stretch,11.400,60.598,0,-5.588
Test1,1-Stretch,11.467,60.598,0,-5.824
Test1,1-Stretch,11.533,60.598,0,-5.760
Test1,1-Stretch,11.600,60.598,0,-5.738
Test1,1-Stretch,11.667,60.598,0,-5.674
Test1,1-Stretch,11.733,60.598,0,-5.653
Test1,1-Stretch,11.800,60.598,0,-5.653
Test1,1-Stretch,11.867,60.598,0,-5.653
Test1,1-Stretch,11.933,60.598,0,-5.631
Test1,1-Stretch,12.000,60.598,0,-5.631
Test1,1-Stretch,12.067,60.598,0,-5.653
Test1,1-Stretch,12.133,60.598,0,-5.588
Test1,1-Stretch,12.200,60.598,0,-5.502
Test1,1-Stretch,12.267,60.598,0,-5.481
Test1,1-Stretch,12.333,60.598,0,-5.481
Test1,1-Stretch,12.400,60.598,0,-5.502
Test1,1-Stretch,12.467,60.598,0,-5.481
Test1,1-Stretch,12.533,60.598,0,-5.481
Test1,1-Stretch,12.600,60.598,0,-5.481
Test1,1-Stretch,12.667,60.598,0,-5.438
Test1,1-Stretch,12.733,60.598,0,-5.374
Test1,1-Stretch,12.800,60.598,0,-5.395
Test1,1-Stretch,12.867,60.598,0,-5.395
Test1,1-Stretch,12.933,60.598,0,-5.352
Test1,1-Stretch,13.000,60.598,0,-5.331
Test1,1-Stretch,13.067,60.598,0,-5.309
Test1,1-Stretch,13.133,60.598,0,-5.309
Test1,1-Stretch,13.200,60.598,0,-5.288
Test1,1-Stretch,13.267,60.598,0,-5.181
Test1,1-Stretch,13.333,60.598,0,-5.159
Test1,1-Stretch,13.400,60.598,0,-5.224
Test1,1-Stretch,13.467,60.598,0,-5.224
Test1,1-Stretch,13.533,60.598,0,-5.159
Test1,1-Stretch,13.600,60.598,0,-5.159
Test1,1-Stretch,13.667,60.598,0,-5.202
Test1,1-Stretch,13.733,60.598,0,-5.116
Test1,1-Stretch,13.800,60.598,0,-5.138
Test1,1-Stretch,13.867,60.598,0,-5.138
Test1,1-Stretch,13.933,60.598,0,-5.138
Test1,1-Stretch,14.000,60.598,0,-5.116
Test1,1-Stretch,14.067,60.598,0,-5.073
Test1,1-Stretch,14.133,60.598,0,-5.052
Test1,1-Stretch,14.200,60.598,0,-4.988
Test1,1-Stretch,14.267,60.598,0,-4.966
Test1,1-Stretch,14.333,60.598,0,-4.966
Test1,1-Stretch,14.400,60.598,0,-4.945
Test1,1-Stretch,14.467,60.598,0,-4.923
Test1,1-Stretch,14.533,60.598,0,-4.945
Test1,1-Stretch,14.600,60.598,0,-4.902
Test1,1-Stretch,14.667,60.598,0,-4.816
Test1,1-Stretch,14.733,60.598,0,-4.816
Test1,1-Stretch,14.800,60.598,0,-4.795
Test1,1-Stretch,14.867,60.598,0,-4.773
Test1,1-Stretch,14.933,60.598,0,-4.795
Test1,1-Stretch,15.000,60.598,0,-4.752
Test1,1-Stretch,15.067,60.598,0,-4.666
Test1,1-Stretch,15.133,60.598,0,-4.687
Test1,1-Stretch,15.200,60.598,0,-4.644
Test1,1-Stretch,15.267,60.598,0,-4.623
Test1,1-Stretch,15.333,60.598,0,-4.602
Test1,1-Stretch,15.400,60.598,0,-4.537
Test1,1-Stretch,15.467,60.598,0,-4.516
Test1,1-Stretch,15.533,60.598,0,-4.473
Test1,1-Stretch,15.600,60.598,0,-4.451
Test1,1-Stretch,15.667,60.598,0,-4.387
Test1,1-Stretch,15.733,60.598,0,-4.366
Test1,1-Stretch,15.800,60.598,0,-4.430
Test1,1-Stretch,15.867,60.598,0,-4.451
Test1,1-Stretch,15.933,60.598,0,-4.323
Test1,1-Stretch,16.000,60.598,0,-4.237
Test1,1-Stretch,16.067,60.598,0,-4.108
Test1,1-Stretch,16.133,60.598,0,-4.108
Test1,1-Stretch,16.200,60.598,0,-4.108
Test1,1-Stretch,16.267,60.598,0,-4.108
Test1,1-Stretch,16.333,60.598,0,-4.108
Test1,1-Stretch,16.400,60.598,0,-4.108
Test1,1-Stretch,16.467,60.598,0,-4.108
Test1,1-Stretch,16.533,60.598,0,-4.108
Test1,1-Stretch,16.600,60.598,0,-4.108
Test1,1-Stretch,16.667,60.598,0,-4.108
Test1,1-Stretch,16.733,60.598,0,-4.108
Test1,1-Stretch,16.800,60.598,0,-4.108
Test1,1-Stretch,16.867,60.598,0,-4.108
Test1,1-Stretch,16.933,60.598,0,-4.108
Test1,1-Stretch,17.000,60.598,0,-4.108
Test1,1-Stretch,17.067,60.598,0,-4.108
Test1,1-Stretch,17.133,60.598,0,-4.108
Test1,1-Stretch,17.200,60.598,0,-4.087
Test1,1-Stretch,17.267,60.598,0,-4.087
Test1,1-Stretch,17.333,60.598,0,-4.108
Test1,1-Stretch,17.400,60.598,0,-4.108
Test1,1-Stretch,17.467,60.598,0,-4.108
Test1,1-Stretch,17.533,60.598,0,-4.108
Test1,1-Stretch,17.600,60.598,0,-4.108
Test1,1-Stretch,17.667,60.598,0,-4.065
Test1,1-Stretch,17.733,60.598,0,-4.087
Test1,1-Stretch,17.800,60.598,0,-4.108
Test1,1-Stretch,17.867,60.598,0,-4.087
Test1,1-Stretch,17.933,60.598,0,-4.044
Test1,1-Stretch,18.000,60.598,0,-4.044
Test1,1-Stretch,18.067,60.598,0,-4.087
Test1,1-Stretch,18.133,60.598,0,-4.108
Test1,1-Stretch,18.200,60.598,0,-4.087
Test1,1-Stretch,18.267,60.598,0,-4.022
Test1,1-Stretch,18.333,60.598,0,-4.065
Test1,1-Stretch,18.400,60.598,0,-4.087
Test1,1-Stretch,18.467,60.598,0,-4.108
Test1,1-Stretch,18.533,60.598,0,-4.065
Test1,1-Stretch,18.600,60.598,0,-4.022
Test1,1-Stretch,18.667,60.598,0,-4.065
Test1,1-Stretch,18.733,60.598,0,-4.108
Test1,1-Stretch,18.800,60.598,0,-4.108
Test1,1-Stretch,18.867,60.598,0,-4.044
Test1,1-Stretch,18.933,60.598,0,-4.044
Test1,1-Stretch,19.000,60.598,0,-4.065
Test1,1-Stretch,19.067,60.598,0,-4.108
Test1,1-Stretch,19.133,60.598,0,-4.108
Test1,1-Stretch,19.200,60.598,0,-4.044
Test1,1-Stretch,19.267,60.598,0,-4.044
Test1,1-Stretch,19.333,60.598,0,-4.087
Test1,1-Stretch,19.400,60.598,0,-4.108
Test1,1-Stretch,19.467,60.598,0,-4.087
Test1,1-Stretch,19.533,60.598,0,-4.022
Test1,1-Stretch,19.600,60.598,0,-4.044
Test1,1-Stretch,19.667,60.598,0,-4.044
Test1,1-Stretch,19.733,60.598,0,-4.108
Test1,1-Stretch,19.800,60.598,0,-4.087
Test1,1-Stretch,19.867,60.598,0,-4.022
Test1,1-Stretch,19.933,60.598,0,-3.979
Test1,1-Stretch,20.000,60.598,0,-4.001
Test1,1-Hold,20.020,60.598,0,-4.022
Test1,1-Hold,20.087,60.598,0,-3.979
Test1,1-Hold,20.153,60.598,0,-4.001
Test1,1-Hold,20.220,60.598,0,-3.958
Test1,1-Hold,20.287,60.598,0,-3.937
Test1,1-Hold,20.353,60.598,0,-3.958
Test1,1-Hold,20.420,60.598,0,-3.979
Test1,1-Hold,20.487,60.598,0,-3.958
Test1,1-Hold,20.553,60.598,0,-3.937
Test1,1-Hold,20.620,60.598,0,-3.937
Test1,1-Hold,20.687,60.598,0,-3.958
Test1,1-Hold,20.753,60.598,0,-3.979
Test1,1-Hold,20.820,60.598,0,-3.937
Test1,1-Hold,20.887,60.598,0,-3.937
Test1,1-Hold,20.953,60.598,0,-3.937
Test1,1-Hold,21.020,60.598,0,-3.958
Test1,1-Hold,21.087,60.598,0,-3.979
Test1,1-Hold,21.153,60.598,0,-3.937
Test1,1-Hold,21.220,60.598,0,-3.937
Test1,1-Hold,21.287,60.598,0,-3.937
Test1,1-Hold,21.353,60.598,0,-3.958
Test1,1-Hold,21.420,60.598,0,-3.958
Test1,1-Hold,21.487,60.598,0,-3.937
Test1,1-Hold,21.553,60.598,0,-3.937
Test1,1-Hold,21.620,60.598,0,-3.937
Test1,1-Hold,21.687,60.598,0,-3.979
Test1,1-Hold,21.753,60.598,0,-3.958
Test1,1-Hold,21.820,60.598,0,-2.092
Test1,1-Hold,21.887,60.598,0,0.182
Test1,1-Hold,21.953,60.598,0,0.160
Test1,1-Hold,22.020,60.598,0,0.182
Test1,1-Hold,22.087,60.598,0,0.139
Test1,1-Hold,22.153,60.598,0,0.053
Test1,1-Hold,22.220,60.598,0,0.010
Test1,1-Hold,22.287,60.598,0,0.010
Test1,1-Hold,22.353,60.598,0,-0.033
Test1,1-Hold,22.420,60.598,0,-0.011
Test1,1-Hold,22.487,60.598,0,0.010
Test1,1-Hold,22.553,60.598,0,0.010
Test1,1-Hold,22.620,60.598,0,0.010
Test1,1-Hold,22.687,60.598,0,0.010
Test1,1-Hold,22.753,60.598,0,0.010
Test1,1-Hold,22.820,60.598,0,0.010
Test1,1-Hold,22.887,60.598,0,0.010
Test1,1-Hold,22.953,60.598,0,-0.011
Test1,1-Hold,23.020,60.598,0,-0.033
Test1,1-Hold,23.087,60.598,0,0.010
Test1,1-Hold,23.153,60.598,0,0.010
Test1,1-Hold,23.220,60.598,0,0.010
Test1,1-Hold,23.287,60.598,0,-0.011
Test1,1-Hold,23.353,60.598,0,0.010
Test1,1-Hold,23.420,60.598,0,0.010
Test1,1-Hold,23.487,60.598,0,0.010
Test1,1-Hold,23.553,60.598,0,0.010
Test1,1-Hold,23.620,60.598,0,-0.033
Test1,1-Hold,23.687,60.598,0,-0.011
Test1,1-Hold,23.753,60.598,0,0.010
Test1,1-Hold,23.820,60.598,0,-0.011
Test1,1-Hold,23.887,60.598,0,-1.148
Test1,1-Hold,23.953,60.598,0,-4.709
Test1,1-Hold,24.020,60.598,0,-8.119
Test1,1-Hold,24.087,60.598,0,-10.608
Test1,1-Hold,24.153,60.598,0,-12.066
Test1,1-Hold,24.220,60.598,0,-12.216
Test1,1-Hold,24.287,60.598,0,-12.281
Test1,1-Hold,24.353,60.598,0,-12.195
Test1,1-Hold,24.420,60.598,0,-12.173
Test1,1-Hold,24.487,60.598,0,-12.173
Test1,1-Hold,24.553,60.598,0,-12.173
Test1,1-Hold,24.620,60.598,0,-12.109
Test1,1-Hold,24.687,60.598,0,-12.109
Test1,1-Hold,24.753,60.598,0,-12.109
Test1,1-Hold,24.820,60.598,0,-12.023
Test1,1-Hold,24.887,60.598,0,-12.002
Test1,1-Hold,24.953,60.598,0,-12.002
Test1,1-Hold,25.020,60.598,0,-12.002
Test1,1-Hold,25.087,60.598,0,-12.002
Test1,1-Hold,25.153,60.598,0,-12.002
Test1,1-Hold,25.220,60.598,0,-11.980
Test1,1-Hold,25.287,60.598,0,-11.916
Test1,1-Hold,25.353,60.598,0,-11.938
Test1,1-Hold,25.420,60.598,0,-11.959
Test1,1-Hold,25.487,60.598,0,-11.830
Test1,1-Hold,25.553,60.598,0,-11.852
Test1,1-Hold,25.620,60.598,0,-11.852
Test1,1-Hold,25.687,60.598,0,-11.830
Test1,1-Hold,25.753,60.598,0,-11.830
Test1,1-Hold,25.820,60.598,0,-11.830
Test1,1-Hold,25.887,60.598,0,-11.787
Test1,1-Hold,25.953,60.598,0,-11.766
Test1,1-Hold,26.020,60.598,0,-11.809
Test1,1-Hold,26.087,60.598,0,-11.809
Test1,1-Hold,26.153,60.598,0,-11.787
Test1,1-Hold,26.220,60.598,0,-11.744
Test1,1-Hold,26.287,60.598,0,-11.744
Test1,1-Hold,26.353,60.598,0,-11.723
Test1,1-Hold,26.420,60.598,0,-11.680
Test1,1-Hold,26.487,60.598,0,-11.680
Test1,1-Hold,26.553,60.598,0,-11.680
Test1,1-Hold,26.620,60.598,0,-11.680
Test1,1-Hold,26.687,60.598,0,-11.659
Test1,1-Hold,26.753,60.598,0,-11.659
Test1,1-Hold,26.820,60.598,0,-11.637
Test1,1-Hold,26.887,60.598,0,-11.659
Test1,1-Hold,26.953,60.598,0,-11.573
Test1,1-Hold,27.020,60.598,0,-11.530
Test1,1-Hold,27.087,60.598,0,-11.509
Test1,1-Hold,27.153,60.598,0,-11.551
Test1,1-Hold,27.220,60.598,0,-11.594
Test1,1-Hold,27.287,60.598,0,-11.551
Test1,1-Hold,27.353,60.598,0,-11.509
Test1,1-Hold,27.420,60.598,0,-11.487
Test1,1-Hold,27.487,60.598,0,-11.487
Test1,1-Hold,27.553,60.598,0,-11.487
Test1,1-Hold,27.620,60.598,0,-11.466
Test1,1-Hold,27.687,60.598,0,-11.337
Test1,1-Hold,27.753,60.598,0,-11.358
Test1,1-Hold,27.820,60.598,0,-11.444
Test1,1-Hold,27.887,60.598,0,-11.444
Test1,1-Hold,27.953,60.598,0,-11.444
Test1,1-Hold,28.020,60.598,0,-11.487
Test1,1-Hold,28.087,60.598,0,-11.466
Test1,1-Hold,28.153,60.598,0,-11.401
Test1,1-Hold,28.220,60.598,0,-11.423
Test1,1-Hold,28.287,60.598,0,-11.466
Test1,1-Hold,28.353,60.598,0,-11.466
Test1,1-Hold,28.420,60.598,0,-11.358
Test1,1-Hold,28.487,60.598,0,-11.315
Test1,1-Hold,28.553,60.598,0,-11.315
Test1,1-Hold,28.620,60.598,0,-11.315
Test1,1-Hold,28.687,60.598,0,-11.315
Test1,1-Hold,28.753,60.598,0,-11.294
Test1,1-Hold,28.820,60.598,0,-11.251
Test1,1-Hold,28.887,60.598,0,-11.273
Test1,1-Hold,28.953,60.598,0,-11.294
Test1,1-Hold,29.020,60.598,0,-11.315
Test1,1-Hold,29.087,60.598,0,-11.208
Test1,1-Hold,29.153,60.598,0,-11.165
Test1,1-Hold,29.220,60.598,0,-11.144
Test1,1-Hold,29.287,60.598,0,-11.144
Test1,1-Hold,29.353,60.598,0,-11.144
Test1,1-Hold,29.420,60.598,0,-11.144
Test1,1-Hold,29.487,60.598,0,-11.122
Test1,1-Hold,29.553,60.598,0,-11.122
Test1,1-Hold,29.620,60.598,0,-11.144
Test1,1-Hold,29.687,60.598,0,-11.144
Test1,1-Hold,29.753,60.598,0,-11.080
Test1,1-Hold,29.820,60.598,0,-11.037
Test1,1-Hold,29.887,60.598,0,-10.994
Test1,1-Hold,29.953,60.598,0,-10.994
Test1,1-Hold,30.020,60.598,0,-11.015
Test1,1-Hold,30.087,60.598,0,-10.994
Test1,1-Hold,30.153,60.598,0,-11.015
Test1,1-Hold,30.220,60.598,0,-10.994
Test1,1-Hold,30.287,60.598,0,-10.972
Test1,1-Hold,30.353,60.598,0,-10.972
Test1,1-Hold,30.420,60.598,0,-10.972
Test1,1-Hold,30.487,60.598,0,-10.972
Test1,1-Hold,30.553,60.598,0,-10.865
Test1,1-Hold,30.620,60.598,0,-10.822
Test1,1-Hold,30.687,60.598,0,-10.865
Test1,1-Hold,30.753,60.598,0,-10.908
Test1,1-Hold,30.820,60.598,0,-10.865
Test1,1-Hold,30.887,60.598,0,-10.822
Test1,1-Hold,30.953,60.598,0,-10.801
Test1,1-Hold,31.020,60.598,0,-10.822
Test1,1-Hold,31.087,60.598,0,-10.801
Test1,1-Hold,31.153,60.598,0,-10.801
Test1,1-Hold,31.220,60.598,0,-10.693
Test1,1-Hold,31.287,60.598,0,-10.672
Test1,1-Hold,31.353,60.598,0,-10.736
Test1,1-Hold,31.420,60.598,0,-10.715
Test1,1-Hold,31.487,60.598,0,-10.672
Test1,1-Hold,31.553,60.598,0,-10.651
Test1,1-Hold,31.620,60.598,0,-10.651
Test1,1-Hold,31.687,60.598,0,-10.651
Test1,1-Hold,31.753,60.598,0,-10.672
Test1,1-Hold,31.820,60.598,0,-10.672
Test1,1-Hold,31.887,60.598,0,-10.629
Test1,1-Hold,31.953,60.598,0,-10.629
Test1,1-Hold,32.020,60.598,0,-10.629
Test1,1-Hold,32.087,60.598,0,-10.629
Test1,1-Hold,32.153,60.598,0,-10.629
Test1,1-Hold,32.220,60.598,0,-10.629
Test1,1-Hold,32.287,60.598,0,-10.565
Test1,1-Hold,32.353,60.598,0,-10.543
Test1,1-Hold,32.420,60.598,0,-10.479
Test1,1-Hold,32.487,60.598,0,-10.457
Test1,1-Hold,32.553,60.598,0,-10.457
Test1,1-Hold,32.620,60.598,0,-10.457
Test1,1-Hold,32.687,60.598,0,-10.457
Test1,1-Hold,32.753,60.598,0,-10.436
Test1,1-Hold,32.820,60.598,0,-10.457
Test1,1-Hold,32.887,60.598,0,-10.436
Test1,1-Hold,32.953,60.598,0,-10.372
Test1,1-Hold,33.020,60.598,0,-10.329
Test1,1-Hold,33.087,60.598,0,-10.286
Test1,1-Hold,33.153,60.598,0,-10.286
Test1,1-Hold,33.220,60.598,0,-10.307
Test1,1-Hold,33.287,60.598,0,-10.286
Test1,1-Hold,33.353,60.598,0,-10.243
Test1,1-Hold,33.420,60.598,0,-10.286
Test1,1-Hold,33.487,60.598,0,-10.243
Test1,1-Hold,33.553,60.598,0,-10.200
Test1,1-Hold,33.620,60.598,0,-10.222
Test1,1-Hold,33.687,60.598,0,-10.179
Test1,1-Hold,33.753,60.598,0,-10.157
Test1,1-Hold,33.820,60.598,0,-10.114
Test1,1-Hold,33.887,60.598,0,-10.114
Test1,1-Hold,33.953,60.598,0,-10.071
Test1,1-Hold,34.020,60.598,0,-10.007
Test1,1-Hold,34.087,60.598,0,-9.964
Test1,1-Hold,34.153,60.598,0,-9.964
Test1,1-Hold,34.220,60.598,0,-10.007
Test1,1-Hold,34.287,60.598,0,-10.028
Test1,1-Hold,34.353,60.598,0,-9.557
Test1,1-Hold,34.420,60.598,0,-0.505
Test1,1-Hold,34.487,60.598,0,0.160
Test1,1-Hold,34.553,60.598,0,0.160
Test1,1-Hold,34.620,60.598,0,0.096
Test1,1-Hold,34.687,60.598,0,0.139
Test1,1-Hold,34.753,60.598,0,0.160
Test1,1-Hold,34.820,60.598,0,0.096
Test1,1-Hold,34.887,60.598,0,-0.011
Test1,1-Hold,34.953,60.598,0,0.032
Test1,1-Hold,35.020,60.598,0,0.010
Test1,1-Hold,35.087,60.598,0,0.010
Test1,1-Hold,35.153,60.598,0,0.010
Test1,1-Hold,35.220,60.598,0,0.010
Test1,1-Hold,35.287,60.598,0,0.010
Test1,1-Hold,35.353,60.598,0,0.010
Test1,1-Hold,35.420,60.598,0,-0.011
Test1,1-Hold,35.487,60.598,0,-0.033
Test1,1-Hold,35.553,60.598,0,-0.011
Test1,1-Hold,35.620,60.598,0,0.032
Test1,1-Hold,35.687,60.598,0,-0.011
Test1,1-Hold,35.753,60.598,0,0.010
Test1,1-Hold,35.820,60.598,0,0.010
Test1,1-Hold,35.887,60.598,0,0.010
Test1,1-Hold,35.953,60.598,0,0.010
Test1,1-Hold,36.020,60.598,0,0.010
Test1,1-Hold,36.087,60.598,0,-0.011
Test1,1-Hold,36.153,60.598,0,-0.011
Test1,1-Hold,36.220,60.598,0,0.010
Test1,1-Hold,36.287,60.598,0,0.032
Test1,1-Hold,36.353,60.598,0,-0.011
Test1,1-Hold,36.420,60.598,0,-0.826
Test1,1-Hold,36.487,60.598,0,-5.867
Test1,1-Hold,36.553,60.598,0,-9.750
Test1,1-Hold,36.620,60.598,0,-12.838
Test1,1-Hold,36.687,60.598,0,-13.225
Test1,1-Hold,36.753,60.598,0,-13.139
Test1,1-Hold,36.820,60.598,0,-13.139
Test1,1-Hold,36.887,60.598,0,-13.096
Test1,1-Hold,36.953,60.598,0,-13.053
Test1,1-Hold,37.020,60.598,0,-13.032
Test1,1-Hold,37.087,60.598,0,-13.032
Test1,1-Hold,37.153,60.598,0,-13.053
Test1,1-Hold,37.220,60.598,0,-13.010
Test1,1-Hold,37.287,60.598,0,-12.967
Test1,1-Hold,37.353,60.598,0,-13.010
Test1,1-Hold,37.420,60.598,0,-13.032
Test1,1-Hold,37.487,60.598,0,-13.032
Test1,1-Hold,37.553,60.598,0,-13.010
Test1,1-Hold,37.620,60.598,0,-13.032
Test1,1-Hold,37.687,60.598,0,-13.010
Test1,1-Hold,37.753,60.598,0,-12.946
Test1,1-Hold,37.820,60.598,0,-12.946
Test1,1-Hold,37.887,60.598,0,-12.881
Test1,1-Hold,37.953,60.598,0,-12.860
Test1,1-Hold,38.020,60.598,0,-12.860
Test1,1-Hold,38.087,60.598,0,-12.860
Test1,1-Hold,38.153,60.598,0,-12.860
Test1,1-Hold,38.220,60.598,0,-12.838
Test1,1-Hold,38.287,60.598,0,-12.860
Test1,1-Hold,38.353,60.598,0,-12.817
Test1,1-Hold,38.420,60.598,0,-12.774
Test1,1-Hold,38.487,60.598,0,-12.796
Test1,1-Hold,38.553,60.598,0,-12.753
Test1,1-Hold,38.620,60.598,0,-12.688
Test1,1-Hold,38.687,60.598,0,-12.688
Test1,1-Hold,38.753,60.598,0,-12.688
Test1,1-Hold,38.820,60.598,0,-12.688
Test1,1-Hold,38.887,60.598,0,-12.688
Test1,1-Hold,38.953,60.598,0,-12.688
Test1,1-Hold,39.020,60.598,0,-12.645
Test1,1-Hold,39.087,60.598,0,-12.624
Test1,1-Hold,39.153,60.598,0,-12.645
Test1,1-Hold,39.220,60.598,0,-12.688
Test1,1-Hold,39.287,60.598,0,-12.645
Test1,1-Hold,39.353,60.598,0,-12.603
Test1,1-Hold,39.420,60.598,0,-12.560
Test1,1-Hold,39.487,60.598,0,-12.560
Test1,1-Hold,39.553,60.598,0,-12.538
Test1,1-Hold,39.620,60.598,0,-12.538
Test1,1-Hold,39.687,60.598,0,-12.517
Test1,1-Hold,39.753,60.598,0,-12.517
Test1,1-Hold,39.820,60.598,0,-12.517
Test1,1-Hold,39.887,60.598,0,-12.517
Test1,1-Hold,39.953,60.598,0,-12.495
Test1,1-Hold,40.020,60.598,0,-12.474
Test1,1-Recover,40.030,60.598,0,-12.474
Test1,1-Recover,40.097,60.598,0,-12.409
Test1,1-Recover,40.163,60.598,0,-12.367
Test1,1-Recover,40.230,60.598,0,-12.367
Test1,1-Recover,40.297,60.598,0,-12.452
Test1,1-Recover,40.363,60.598,0,-12.431
Test1,1-Recover,40.430,60.598,0,-12.367
Test1,1-Recover,40.497,60.598,0,-12.345
Test1,1-Recover,40.563,60.598,0,-12.345
Test1,1-Recover,40.630,60.598,0,-12.345
Test1,1-Recover,40.697,60.598,0,-12.302
Test1,1-Recover,40.763,60.598,0,-12.238
Test1,1-Recover,40.830,60.598,0,-12.195
Test1,1-Recover,40.897,60.598,0,-12.216
Test1,1-Recover,40.963,60.598,0,-12.281
Test1,1-Recover,41.030,60.598,0,-12.259
Test1,1-Recover,41.097,60.598,0,-12.216
Test1,1-Recover,41.163,60.598,0,-12.195
Test1,1-Recover,41.230,60.598,0,-12.238
Test1,1-Recover,41.297,60.598,0,-12.259
Test1,1-Recover,41.363,60.598,0,-12.281
Test1,1-Recover,41.430,60.598,0,-12.281
Test1,1-Recover,41.497,60.598,0,-12.173
Test1,1-Recover,41.563,60.598,0,-12.173
Test1,1-Recover,41.630,60.598,0,-12.173
Test1,1-Recover,41.697,60.598,0,-12.173
Test1,1-Recover,41.763,60.598,0,-12.173
Test1,1-Recover,41.830,60.598,0,-12.173
Test1,1-Recover,41.897,60.598,0,-12.109
Test1,1-Recover,41.963,60.598,0,-12.088
Test1,1-Recover,42.030,60.598,0,-12.131
Test1,1-Recover,42.097,60.598,0,-12.045
Test1,1-Recover,42.163,60.598,0,-12.002
Test1,1-Recover,42.230,60.598,0,-12.002
Test1,1-Recover,42.297,60.598,0,-12.002
Test1,1-Recover,42.363,60.598,0,-12.002
Test1,1-Recover,42.430,60.598,0,-12.002
Test1,1-Recover,42.497,60.598,0,-11.980
Test1,1-Recover,42.563,60.598,0,-11.916
Test1,1-Recover,42.630,60.598,0,-11.938
Test1,1-Recover,42.697,60.598,0,-11.980
Test1,1-Recover,42.763,60.598,0,-11.938
Test1,1-Recover,42.830,60.598,0,-11.830
Test1,1-Recover,42.897,60.598,0,-11.830
Test1,1-Recover,42.963,60.598,0,-11.830
Test1,1-Recover,43.030,60.598,0,-11.830
Test1,1-Recover,43.097,60.598,0,-11.830
Test1,1-Recover,43.163,60.598,0,-11.787
Test1,1-Recover,43.230,60.598,0,-11.766
Test1,1-Recover,43.297,60.598,0,-11.809
Test1,1-Recover,43.363,60.598,0,-11.830
Test1,1-Recover,43.430,60.598,0,-11.702
Test1,1-Recover,43.497,60.598,0,-11.744
Test1,1-Recover,43.563,60.598,0,-11.744
Test1,1-Recover,43.630,60.598,0,-11.723
Test1,1-Recover,43.697,60.598,0,-11.680
Test1,1-Recover,43.763,60.598,0,-11.659
Test1,1-Recover,43.830,60.598,0,-11.659
Test1,1-Recover,43.897,60.598,0,-11.659
Test1,1-Recover,43.963,60.598,0,-11.616
Test1,1-Recover,44.030,60.598,0,-11.530
Test1,1-Recover,44.097,60.598,0,-11.530
Test1,1-Recover,44.163,60.598,0,-11.573
Test1,1-Recover,44.230,60.598,0,-11.573
Test1,1-Recover,44.297,60.598,0,-11.509
Test1,1-Recover,44.363,60.598,0,-11.487
Test1,1-Recover,44.430,60.598,0,-11.487
Test1,1-Recover,44.497,60.598,0,-11.487
Test1,1-Recover,44.563,60.598,0,-11.444
Test1,1-Recover,44.630,60.598,0,-11.380
Test1,1-Recover,44.697,60.598,0,-11.380
Test1,1-Recover,44.763,60.598,0,-11.423
Test1,1-Recover,44.830,60.598,0,-11.444
Test1,1-Recover,44.897,60.598,0,-11.444
Test1,1-Recover,44.963,60.598,0,-11.466
Test1,1-Recover,45.030,60.598,0,-11.487
Test1,1-Recover,45.097,60.598,0,-11.337
Test1,1-Recover,45.163,60.598,0,-11.315
Test1,1-Recover,45.230,60.598,0,-11.315
Test1,1-Recover,45.297,60.598,0,-11.315
Test1,1-Recover,45.363,60.598,0,-11.294
Test1,1-Recover,45.430,60.598,0,-11.251
Test1,1-Recover,45.497,60.598,0,-11.230
Test1,1-Recover,45.563,60.598,0,-11.165
Test1,1-Recover,45.630,60.598,0,-11.144
Test1,1-Recover,45.697,60.598,0,-11.144
Test1,1-Recover,45.763,60.598,0,-11.101
Test1,1-Recover,45.830,60.598,0,-11.080
Test1,1-Recover,45.897,60.598,0,-11.101
Test1,1-Recover,45.963,60.598,0,-11.037
Test1,1-Recover,46.030,60.598,0,-11.015
Test1,1-Recover,46.097,60.598,0,-11.037
Test1,1-Recover,46.163,60.598,0,-11.015
Test1,1-Recover,46.230,60.598,0,-10.972
Test1,1-Recover,46.297,60.598,0,-10.972
Test1,1-Recover,46.363,60.598,0,-10.908
Test1,1-Recover,46.430,60.598,0,-10.908
Test1,1-Recover,46.497,60.598,0,-10.865
Test1,1-Recover,46.563,60.598,0,-10.822
Test1,1-Recover,46.630,60.598,0,-10.801
Test1,1-Recover,46.697,60.598,0,-10.736
Test1,1-Recover,46.763,60.598,0,-10.715
Test1,1-Recover,46.830,60.598,0,-10.672
Test1,1-Recover,46.897,60.598,0,-10.651
Test1,1-Recover,46.963,60.598,0,-3.250
Test1,1-Recover,47.030,60.598,0,0.118
Test1,1-Recover,47.097,60.598,0,0.096
Test1,1-Recover,47.163,60.598,0,0.139
Test1,1-Recover,47.230,60.598,0,0.160
Test1,1-Recover,47.297,60.598,0,0.118
Test1,1-Recover,47.363,60.598,0,0.075
Test1,1-Recover,47.430,60.598,0,0.032
Test1,1-Recover,47.497,60.598,0,0.010
Test1,1-Recover,47.563,60.598,0,0.010
Test1,1-Recover,47.630,60.598,0,0.010
Test1,1-Recover,47.697,60.598,0,-0.011
Test1,1-Recover,47.763,60.598,0,-0.011
Test1,1-Recover,47.830,60.598,0,0.010
Test1,1-Recover,47.897,60.598,0,-0.011
Test1,1-Recover,47.963,60.598,0,-0.011
Test1,1-Recover,48.030,60.598,0,0.032
Test1,1-Recover,48.097,60.598,0,0.010
Test1,1-Recover,48.163,60.598,0,0.010
Test1,1-Recover,48.230,60.598,0,0.010
Test1,1-Recover,48.297,60.598,0,0.010
Test1,1-Recover,48.363,60.598,0,0.010
Test1,1-Recover,48.430,60.598,0,0.010
Test1,1-Recover,48.497,60.598,0,0.010
Test1,1-Recover,48.563,60.598,0,-0.033
Test1,1-Recover,48.630,60.598,0,-0.011
Test1,1-Recover,48.697,60.598,0,0.032
Test1,1-Recover,48.763,60.598,0,0.010
Test1,1-Recover,48.830,60.598,0,0.010
Test1,1-Recover,48.897,60.598,0,0.010
Test1,1-Recover,48.963,60.598,0,-0.397
Test1,1-Recover,49.030,60.598,0,-5.502
Test1,1-Recover,49.097,60.598,0,-11.144
Test1,1-Recover,49.163,60.598,0,-14.297
Test1,1-Recover,49.230,60.598,0,-16.935
Test1,1-Recover,49.297,60.598,0,-18.373
Test1,1-Recover,49.363,60.598,0,-18.523
Test1,1-Recover,49.430,60.598,0,-18.716
Test1,1-Recover,49.497,60.598,0,-18.716
Test1,1-Recover,49.563,60.598,0,-18.330
Test1,1-Recover,49.630,60.598,0,-18.029
Test1,1-Recover,49.697,60.598,0,-17.922
Test1,1-Recover,49.763,60.598,0,-18.201
Test1,1-Recover,49.830,60.598,0,-18.437
Test1,1-Recover,49.897,60.598,0,-18.115
Test1,1-Recover,49.963,60.598,0,-17.922
Test1,1-Recover,50.030,60.598,0,-18.029
Test1,1-Recover,50.097,60.598,0,-18.094
Test1,1-Recover,50.163,60.598,0,-17.815
Test1,1-Recover,50.230,60.598,0,-18.115
Test1,1-Recover,50.297,60.598,0,-18.008
Test1,1-Recover,50.363,60.598,0,-17.257
Test1,1-Recover,50.430,60.598,0,-17.300
Test1,1-Recover,50.497,60.598,0,-17.643
Test1,1-Recover,50.563,60.598,0,-17.793
Test1,1-Recover,50.630,60.598,0,-17.879
Test1,1-Recover,50.697,60.598,0,-17.708
Test1,1-Recover,50.763,60.598,0,-17.558
Test1,1-Recover,50.830,60.598,0,-17.729
Test1,1-Recover,50.897,60.598,0,-17.858
Test1,1-Recover,50.963,60.598,0,-17.751
Test1,1-Recover,51.030,60.598,0,-17.043
Test1,1-Recover,51.097,60.598,0,-17.322
Test1,1-Recover,51.163,60.598,0,-17.622
Test1,1-Recover,51.230,60.598,0,-17.815
Test1,1-Recover,51.297,60.598,0,-17.450
Test1,1-Recover,51.363,60.598,0,-17.236
Test1,1-Recover,51.430,60.598,0,-17.515
Test1,1-Recover,51.497,60.598,0,-17.751
Test1,1-Recover,51.563,60.598,0,-17.708
Test1,1-Recover,51.630,60.598,0,-17.407
Test1,1-Recover,51.697,60.598,0,-17.536
Test1,1-Recover,51.763,60.598,0,-17.729
Test1,1-Recover,51.830,60.598,0,-17.493
Test1,1-Recover,51.897,60.598,0,-17.364
Test1,1-Recover,51.963,60.598,0,-17.600
Test1,1-Recover,52.030,60.598,0,-17.643
Test1,1-Recover,52.097,60.598,0,-16.807
Test1,1-Recover,52.163,60.598,0,-16.764
Test1,1-Recover,52.230,60.598,0,-17.107
Test1,1-Recover,52.297,60.598,0,-17.343
Test1,1-Recover,52.363,60.598,0,-17.622
Test1,1-Recover,52.430,60.598,0,-17.579
Test1,1-Recover,52.497,60.598,0,-17.558
Test1,1-Recover,52.563,60.598,0,-17.257
Test1,1-Recover,52.630,60.598,0,-15.992
Test1,1-Recover,52.697,60.598,0,-14.426
Test1,1-Recover,52.763,60.598,0,-12.817
Test1,1-Recover,52.830,60.598,0,-13.117
Test1,1-Recover,52.897,60.598,0,-16.700
Test1,1-Recover,52.963,60.598,0,-17.429
Test1,1-Recover,53.030,60.598,0,-17.364
Test1,1-Recover,53.097,60.598,0,-17.171
Test1,1-Recover,53.163,60.598,0,-16.785
Test1,1-Recover,53.230,60.598,0,-16.785
Test1,1-Recover,53.297,60.598,0,-17.150
Test1,1-Recover,53.363,60.598,0,-17.343
Test1,1-Recover,53.430,60.598,0,-17.279
Test1,1-Recover,53.497,60.598,0,-16.721
Test1,1-Recover,53.563,60.598,0,-16.957
Test1,1-Recover,53.630,60.598,0,-17.193
Test1,1-Recover,53.697,60.598,0,-17.407
Test1,1-Recover,53.763,60.598,0,-17.257
Test1,1-Recover,53.830,60.598,0,-17.300
Test1,1-Recover,53.897,60.598,0,-17.129
Test1,1-Recover,53.963,60.598,0,-17.150
Test1,1-Recover,54.030,60.598,0,-17.257
Test1,1-Recover,54.097,60.598,0,-17.171
Test1,1-Recover,54.163,60.598,0,-17.000
Test1,1-Recover,54.230,60.598,0,-17.021
Test1,1-Recover,54.297,60.598,0,-17.300
Test1,1-Recover,54.363,60.598,0,-17.086
Test1,1-Recover,54.430,60.598,0,-17.107
Test1,1-Recover,54.497,60.598,0,-17.214
Test1,1-Recover,54.563,60.598,0,-16.871
Test1,1-Recover,54.630,60.598,0,-17.043
Test1,1-Recover,54.697,60.598,0,-17.236
Test1,1-Recover,54.763,60.598,0,-17.064
Test1,1-Recover,54.830,60.598,0,-16.657
Test1,1-Recover,54.897,60.598,0,-16.914
Test1,1-Recover,54.963,60.598,0,-17.129
Test1,1-Recover,55.030,60.598,0,-17.171
Test1,1-Recover,55.097,60.598,0,-16.313
Test1,1-Recover,55.163,60.598,0,-15.884
Test1,1-Recover,55.230,60.598,0,-16.228
Test1,1-Recover,55.297,60.598,0,-16.635
Test1,1-Recover,55.363,60.598,0,-16.914
Test1,1-Recover,55.430,60.598,0,-17.129
Test1,1-Recover,55.497,60.598,0,-16.957
Test1,1-Recover,55.563,60.598,0,-16.871
Test1,1-Recover,55.630,60.598,0,-17.129
Test1,1-Recover,55.697,60.598,0,-16.871
Test1,1-Recover,55.763,60.598,0,-16.785
Test1,1-Recover,55.830,60.598,0,-17.086
Test1,1-Recover,55.897,60.598,0,-16.978
Test1,1-Recover,55.963,60.598,0,-16.571
Test1,1-Recover,56.030,60.598,0,-16.893
Test1,1-Recover,56.097,60.598,0,-17.129
Test1,1-Recover,56.163,60.598,0,-16.957
Test1,1-Recover,56.230,60.598,0,-16.721
Test1,1-Recover,56.297,60.598,0,-16.914
Test1,1-Recover,56.363,60.598,0,-17.086
Test1,1-Recover,56.430,60.598,0,-16.421
Test1,1-Recover,56.497,60.598,0,-16.099
Test1,1-Recover,56.563,60.598,0,-16.335
Test1,1-Recover,56.630,60.598,0,-16.700
Test1,1-Recover,56.697,60.598,0,-16.957
Test1,1-Recover,56.763,60.598,0,-17.064
Test1,1-Recover,56.830,60.598,0,-16.871
Test1,1-Recover,56.897,60.598,0,-16.935
Test1,1-Recover,56.963,60.598,0,-16.785
Test1,1-Recover,57.030,60.598,0,-17.021
Test1,1-Recover,57.097,60.598,0,-16.442
Test1,1-Recover,57.163,60.598,0,-16.142
Test1,1-Recover,57.230,60.598,0,-16.464
Test1,1-Recover,57.297,60.598,0,-16.828
Test1,1-Recover,57.363,60.598,0,-17.000
Test1,1-Recover,57.430,60.598,0,-17.021
Test1,1-Recover,57.497,60.598,0,-16.785
Test1,1-Recover,57.563,60.598,0,-16.700
Test1,1-Recover,57.630,60.598,0,-16.914
Test1,1-Recover,57.697,60.598,0,-17.021
Test1,1-Recover,57.763,60.598,0,-16.935
Test1,1-Recover,57.830,60.598,0,-16.442
Test1,1-Recover,57.897,60.598,0,-16.721
Test1,1-Recover,57.963,60.598,0,-16.978
Test1,1-Recover,58.030,60.598,0,-16.850
Test1,1-Recover,58.097,60.598,0,-16.957
Test1,1-Recover,58.163,60.598,0,-16.635
Test1,1-Recover,58.230,60.598,0,-16.356
Test1,1-Recover,58.297,60.598,0,-16.657
Test1,1-Recover,58.363,60.598,0,-16.935
Test1,1-Recover,58.430,60.598,0,-16.957
Test1,1-Recover,58.497,60.598,0,-16.914
Test1,1-Recover,58.563,60.598,0,-16.528
Test1,1-Recover,58.630,60.598,0,-16.163
Test1,1-Recover,58.697,60.598,0,-16.506
Test1,1-Recover,58.763,60.598,0,-16.742
Test1,1-Recover,58.830,60.598,0,-16.850
Test1,1-Recover,58.897,60.598,0,-16.163
Test1,1-Recover,58.963,60.598,0,-16.399
Test1,1-Recover,59.030,60.598,0,-16.721
Test1,1-Recover,59.097,60.598,0,-16.935
Test1,1-Recover,59.163,60.598,0,-16.828
Test1,1-Recover,59.230,60.598,0,-16.828
Test1,1-Recover,59.297,60.598,0,-16.721
Test1,1-Recover,59.363,60.598,0,-16.528
Test1,1-Recover,59.430,60.598,0,-16.850
Test1,1-Recover,59.497,60.598,0,-9.428
Test1,1-Recover,59.563,60.598,0,0.396
Test1,1-Recover,59.630,60.598,0,0.118
Test1,1-Recover,59.697,60.598,0,0.160
Test1,1-Recover,59.763,60.598,0,0.182
Test1,1-Recover,59.830,60.598,0,0.118
Test1,1-Recover,59.897,60.598,0,0.096
Test1,1-Recover,59.963,60.598,0,0.139
Test1,1-Recover,60.030,60.598,0,0.032
